"Music,""Slow songs or fast songs"""
5,3

















































































































































































































































































































































































































































































































































































































































































































































































































































































































































































































































